name,role,resume
Candidate_0,Software Engineer,Software Engineer with 3 years experience in spring boot api docker
Candidate_1,HR Manager,HR Manager with 2 years experience in recruitment talent acquisition communication
Candidate_2,AI Engineer,AI Engineer with 1 years experience in transformers deep learning python
Candidate_3,Backend Developer,Backend Developer with 3 years experience in mongodb api node js
Candidate_4,Machine Learning Engineer,Machine Learning Engineer with 1 years experience in nlp keras tensorflow
Candidate_5,Frontend Developer,Frontend Developer with 3 years experience in css javascript ui ux
Candidate_6,Machine Learning Engineer,Machine Learning Engineer with 1 years experience in tensorflow deep learning nlp
Candidate_7,Data Scientist,Data Scientist with 4 years experience in python pandas numpy
Candidate_8,Data Analyst,Data Analyst with 1 years experience in sql excel power bi
Candidate_9,HR Manager,HR Manager with 2 years experience in hr analytics communication talent acquisition
Candidate_10,Data Scientist,Data Scientist with 1 years experience in pandas statistics machine learning
Candidate_11,DevOps Engineer,DevOps Engineer with 4 years experience in linux kubernetes ci cd
Candidate_12,Business Analyst,Business Analyst with 4 years experience in sql reporting analysis
Candidate_13,Machine Learning Engineer,Machine Learning Engineer with 3 years experience in nlp keras tensorflow
Candidate_14,Data Scientist,Data Scientist with 2 years experience in pandas machine learning numpy
Candidate_15,Machine Learning Engineer,Machine Learning Engineer with 3 years experience in tensorflow keras deep learning
Candidate_16,Software Engineer,Software Engineer with 1 years experience in api java spring boot
Candidate_17,Business Analyst,Business Analyst with 5 years experience in analysis sql dashboard
Candidate_18,HR Manager,HR Manager with 5 years experience in talent acquisition communication hr analytics
Candidate_19,HR Manager,HR Manager with 4 years experience in hr analytics talent acquisition recruitment
Candidate_20,HR Manager,HR Manager with 3 years experience in recruitment hr analytics communication
Candidate_21,HR Manager,HR Manager with 1 years experience in hr analytics communication recruitment
Candidate_22,Frontend Developer,Frontend Developer with 4 years experience in html css ui ux
Candidate_23,Machine Learning Engineer,Machine Learning Engineer with 5 years experience in keras deep learning nlp
Candidate_24,Business Analyst,Business Analyst with 4 years experience in dashboard analysis excel
Candidate_25,Data Scientist,Data Scientist with 1 years experience in python numpy statistics
Candidate_26,Machine Learning Engineer,Machine Learning Engineer with 4 years experience in nlp tensorflow deep learning
Candidate_27,AI Engineer,AI Engineer with 5 years experience in llm python transformers
Candidate_28,DevOps Engineer,DevOps Engineer with 1 years experience in linux ci cd aws
Candidate_29,Data Analyst,Data Analyst with 1 years experience in tableau python sql
Candidate_30,Backend Developer,Backend Developer with 3 years experience in api sql node js
Candidate_31,Software Engineer,Software Engineer with 2 years experience in microservices java api
Candidate_32,Frontend Developer,Frontend Developer with 2 years experience in html react javascript
Candidate_33,HR Manager,HR Manager with 4 years experience in communication talent acquisition hr analytics
Candidate_34,Machine Learning Engineer,Machine Learning Engineer with 4 years experience in deep learning python tensorflow
Candidate_35,Data Analyst,Data Analyst with 4 years experience in power bi python excel
Candidate_36,AI Engineer,AI Engineer with 3 years experience in python deep learning nlp
Candidate_37,Business Analyst,Business Analyst with 1 years experience in sql excel reporting
Candidate_38,Frontend Developer,Frontend Developer with 2 years experience in css ui ux react
Candidate_39,Frontend Developer,Frontend Developer with 3 years experience in css ui ux react
Candidate_40,Business Analyst,Business Analyst with 4 years experience in excel dashboard sql
Candidate_41,Data Analyst,Data Analyst with 5 years experience in power bi tableau excel
Candidate_42,HR Manager,HR Manager with 3 years experience in talent acquisition recruitment hr analytics
Candidate_43,Business Analyst,Business Analyst with 1 years experience in reporting excel analysis
Candidate_44,Business Analyst,Business Analyst with 1 years experience in excel reporting analysis
Candidate_45,Software Engineer,Software Engineer with 5 years experience in java docker api
Candidate_46,DevOps Engineer,DevOps Engineer with 1 years experience in docker aws kubernetes
Candidate_47,Backend Developer,Backend Developer with 3 years experience in express sql api
Candidate_48,Software Engineer,Software Engineer with 4 years experience in api spring boot java
Candidate_49,Data Scientist,Data Scientist with 2 years experience in numpy pandas statistics
Candidate_50,DevOps Engineer,DevOps Engineer with 3 years experience in linux kubernetes aws
Candidate_51,Data Analyst,Data Analyst with 1 years experience in python excel tableau
Candidate_52,AI Engineer,AI Engineer with 2 years experience in llm nlp deep learning
Candidate_53,Data Scientist,Data Scientist with 3 years experience in machine learning statistics pandas
Candidate_54,AI Engineer,AI Engineer with 4 years experience in nlp llm deep learning
Candidate_55,Machine Learning Engineer,Machine Learning Engineer with 4 years experience in deep learning python keras
Candidate_56,Data Scientist,Data Scientist with 1 years experience in python machine learning statistics
Candidate_57,HR Manager,HR Manager with 5 years experience in talent acquisition recruitment hr analytics
Candidate_58,Frontend Developer,Frontend Developer with 4 years experience in css react html
Candidate_59,Data Analyst,Data Analyst with 5 years experience in power bi tableau python
Candidate_60,Data Analyst,Data Analyst with 5 years experience in sql excel tableau
Candidate_61,Software Engineer,Software Engineer with 2 years experience in docker microservices spring boot
Candidate_62,Business Analyst,Business Analyst with 3 years experience in reporting excel analysis
Candidate_63,HR Manager,HR Manager with 5 years experience in hr analytics communication talent acquisition
Candidate_64,Machine Learning Engineer,Machine Learning Engineer with 3 years experience in python deep learning nlp
Candidate_65,Machine Learning Engineer,Machine Learning Engineer with 3 years experience in nlp tensorflow python
Candidate_66,Data Scientist,Data Scientist with 4 years experience in numpy python statistics
Candidate_67,DevOps Engineer,DevOps Engineer with 5 years experience in linux docker kubernetes
Candidate_68,Frontend Developer,Frontend Developer with 2 years experience in ui ux css react
Candidate_69,Data Scientist,Data Scientist with 5 years experience in pandas numpy python
Candidate_70,Data Analyst,Data Analyst with 3 years experience in sql tableau excel
Candidate_71,Data Scientist,Data Scientist with 2 years experience in python statistics pandas
Candidate_72,AI Engineer,AI Engineer with 1 years experience in llm python nlp
Candidate_73,Data Analyst,Data Analyst with 4 years experience in excel python sql
Candidate_74,DevOps Engineer,DevOps Engineer with 2 years experience in docker kubernetes ci cd
Candidate_75,Data Analyst,Data Analyst with 5 years experience in power bi tableau sql
Candidate_76,Frontend Developer,Frontend Developer with 5 years experience in react javascript ui ux
Candidate_77,Data Analyst,Data Analyst with 3 years experience in sql power bi python
Candidate_78,Software Engineer,Software Engineer with 2 years experience in java microservices docker
Candidate_79,Backend Developer,Backend Developer with 5 years experience in sql express mongodb
Candidate_80,Data Scientist,Data Scientist with 5 years experience in python numpy pandas
Candidate_81,DevOps Engineer,DevOps Engineer with 5 years experience in docker ci cd kubernetes
Candidate_82,Business Analyst,Business Analyst with 1 years experience in sql reporting dashboard
Candidate_83,Data Scientist,Data Scientist with 4 years experience in pandas numpy machine learning
Candidate_84,Backend Developer,Backend Developer with 5 years experience in node js api sql
Candidate_85,AI Engineer,AI Engineer with 5 years experience in llm deep learning python
Candidate_86,Frontend Developer,Frontend Developer with 3 years experience in react css ui ux
Candidate_87,Data Analyst,Data Analyst with 2 years experience in sql power bi excel
Candidate_88,Machine Learning Engineer,Machine Learning Engineer with 5 years experience in nlp keras tensorflow
Candidate_89,Backend Developer,Backend Developer with 3 years experience in api sql mongodb
Candidate_90,Machine Learning Engineer,Machine Learning Engineer with 4 years experience in tensorflow keras deep learning
Candidate_91,Data Analyst,Data Analyst with 1 years experience in sql python excel
Candidate_92,Machine Learning Engineer,Machine Learning Engineer with 2 years experience in tensorflow deep learning keras
Candidate_93,HR Manager,HR Manager with 1 years experience in talent acquisition communication hr analytics
Candidate_94,Data Scientist,Data Scientist with 1 years experience in numpy statistics pandas
Candidate_95,Data Analyst,Data Analyst with 1 years experience in sql power bi tableau
Candidate_96,Business Analyst,Business Analyst with 4 years experience in reporting dashboard excel
Candidate_97,Frontend Developer,Frontend Developer with 3 years experience in css html react
Candidate_98,Backend Developer,Backend Developer with 3 years experience in api node js mongodb
Candidate_99,DevOps Engineer,DevOps Engineer with 1 years experience in linux docker ci cd
Candidate_100,Software Engineer,Software Engineer with 5 years experience in spring boot api java
Candidate_101,HR Manager,HR Manager with 3 years experience in communication talent acquisition hr analytics
Candidate_102,Backend Developer,Backend Developer with 2 years experience in express node js mongodb
Candidate_103,Data Scientist,Data Scientist with 1 years experience in numpy pandas statistics
Candidate_104,Software Engineer,Software Engineer with 1 years experience in java docker microservices
Candidate_105,DevOps Engineer,DevOps Engineer with 5 years experience in linux kubernetes aws
Candidate_106,Frontend Developer,Frontend Developer with 2 years experience in ui ux html javascript
Candidate_107,Data Analyst,Data Analyst with 1 years experience in python power bi sql
Candidate_108,AI Engineer,AI Engineer with 4 years experience in python transformers llm
Candidate_109,Data Analyst,Data Analyst with 1 years experience in excel python sql
Candidate_110,Software Engineer,Software Engineer with 3 years experience in microservices api java
Candidate_111,Frontend Developer,Frontend Developer with 2 years experience in javascript css html
Candidate_112,Machine Learning Engineer,Machine Learning Engineer with 2 years experience in deep learning tensorflow python
Candidate_113,Data Analyst,Data Analyst with 1 years experience in power bi sql excel
Candidate_114,Data Scientist,Data Scientist with 4 years experience in pandas statistics python
Candidate_115,Business Analyst,Business Analyst with 3 years experience in excel sql analysis
Candidate_116,Software Engineer,Software Engineer with 3 years experience in api microservices docker
Candidate_117,AI Engineer,AI Engineer with 4 years experience in transformers python nlp
Candidate_118,Software Engineer,Software Engineer with 1 years experience in api java spring boot
Candidate_119,AI Engineer,AI Engineer with 2 years experience in python transformers llm
Candidate_120,DevOps Engineer,DevOps Engineer with 3 years experience in ci cd docker kubernetes
Candidate_121,Data Analyst,Data Analyst with 4 years experience in power bi python sql
Candidate_122,AI Engineer,AI Engineer with 3 years experience in llm transformers nlp
Candidate_123,Software Engineer,Software Engineer with 1 years experience in api microservices spring boot
Candidate_124,DevOps Engineer,DevOps Engineer with 1 years experience in linux aws ci cd
Candidate_125,Data Scientist,Data Scientist with 3 years experience in machine learning python numpy
Candidate_126,Data Scientist,Data Scientist with 2 years experience in pandas machine learning statistics
Candidate_127,HR Manager,HR Manager with 4 years experience in recruitment hr analytics talent acquisition
Candidate_128,HR Manager,HR Manager with 5 years experience in talent acquisition communication recruitment
Candidate_129,DevOps Engineer,DevOps Engineer with 2 years experience in docker aws ci cd
Candidate_130,Data Analyst,Data Analyst with 5 years experience in sql excel power bi
Candidate_131,DevOps Engineer,DevOps Engineer with 4 years experience in aws kubernetes ci cd
Candidate_132,Frontend Developer,Frontend Developer with 1 years experience in ui ux css html
Candidate_133,Backend Developer,Backend Developer with 3 years experience in sql mongodb api
Candidate_134,DevOps Engineer,DevOps Engineer with 4 years experience in linux ci cd aws
Candidate_135,HR Manager,HR Manager with 1 years experience in communication hr analytics talent acquisition
Candidate_136,Business Analyst,Business Analyst with 3 years experience in excel dashboard sql
Candidate_137,Data Scientist,Data Scientist with 5 years experience in statistics numpy pandas
Candidate_138,Machine Learning Engineer,Machine Learning Engineer with 5 years experience in tensorflow keras python
Candidate_139,Data Analyst,Data Analyst with 2 years experience in tableau excel power bi
Candidate_140,Backend Developer,Backend Developer with 2 years experience in express api sql
Candidate_141,Machine Learning Engineer,Machine Learning Engineer with 1 years experience in tensorflow deep learning keras
Candidate_142,AI Engineer,AI Engineer with 2 years experience in nlp llm deep learning
Candidate_143,DevOps Engineer,DevOps Engineer with 2 years experience in docker kubernetes linux
Candidate_144,Machine Learning Engineer,Machine Learning Engineer with 3 years experience in tensorflow nlp keras
Candidate_145,Business Analyst,Business Analyst with 4 years experience in reporting sql analysis
Candidate_146,HR Manager,HR Manager with 1 years experience in recruitment talent acquisition hr analytics
Candidate_147,Software Engineer,Software Engineer with 1 years experience in docker api microservices
Candidate_148,DevOps Engineer,DevOps Engineer with 4 years experience in aws kubernetes linux
Candidate_149,AI Engineer,AI Engineer with 5 years experience in deep learning python transformers
Candidate_150,Software Engineer,Software Engineer with 5 years experience in spring boot api java
Candidate_151,DevOps Engineer,DevOps Engineer with 4 years experience in linux ci cd kubernetes
Candidate_152,Data Analyst,Data Analyst with 1 years experience in tableau python excel
Candidate_153,Software Engineer,Software Engineer with 3 years experience in api docker spring boot
Candidate_154,Backend Developer,Backend Developer with 3 years experience in sql express node js
Candidate_155,Frontend Developer,Frontend Developer with 4 years experience in css javascript ui ux
Candidate_156,Business Analyst,Business Analyst with 4 years experience in dashboard excel reporting
Candidate_157,DevOps Engineer,DevOps Engineer with 4 years experience in docker kubernetes aws
Candidate_158,AI Engineer,AI Engineer with 3 years experience in python transformers deep learning
Candidate_159,Data Analyst,Data Analyst with 1 years experience in power bi excel sql
Candidate_160,Backend Developer,Backend Developer with 1 years experience in sql node js express
Candidate_161,DevOps Engineer,DevOps Engineer with 1 years experience in kubernetes docker aws
Candidate_162,Software Engineer,Software Engineer with 3 years experience in docker microservices java
Candidate_163,Backend Developer,Backend Developer with 1 years experience in express sql mongodb
Candidate_164,Machine Learning Engineer,Machine Learning Engineer with 3 years experience in deep learning nlp python
Candidate_165,Backend Developer,Backend Developer with 3 years experience in mongodb api node js
Candidate_166,Software Engineer,Software Engineer with 3 years experience in docker api microservices
Candidate_167,DevOps Engineer,DevOps Engineer with 5 years experience in kubernetes ci cd docker
Candidate_168,HR Manager,HR Manager with 4 years experience in talent acquisition recruitment hr analytics
Candidate_169,AI Engineer,AI Engineer with 2 years experience in llm deep learning python
Candidate_170,Software Engineer,Software Engineer with 4 years experience in docker spring boot java
Candidate_171,Frontend Developer,Frontend Developer with 1 years experience in ui ux javascript html
Candidate_172,Data Analyst,Data Analyst with 3 years experience in python tableau sql
Candidate_173,AI Engineer,AI Engineer with 5 years experience in llm transformers nlp
Candidate_174,Data Analyst,Data Analyst with 3 years experience in sql tableau python
Candidate_175,Business Analyst,Business Analyst with 1 years experience in dashboard reporting analysis
Candidate_176,AI Engineer,AI Engineer with 4 years experience in deep learning python nlp
Candidate_177,Data Analyst,Data Analyst with 4 years experience in excel python sql
Candidate_178,Backend Developer,Backend Developer with 5 years experience in sql express node js
Candidate_179,HR Manager,HR Manager with 2 years experience in hr analytics recruitment communication
Candidate_180,Business Analyst,Business Analyst with 2 years experience in analysis sql reporting
Candidate_181,Frontend Developer,Frontend Developer with 5 years experience in javascript ui ux react
Candidate_182,DevOps Engineer,DevOps Engineer with 5 years experience in docker linux kubernetes
Candidate_183,Business Analyst,Business Analyst with 1 years experience in sql excel dashboard
Candidate_184,Business Analyst,Business Analyst with 1 years experience in analysis excel reporting
Candidate_185,Data Analyst,Data Analyst with 4 years experience in python sql tableau
Candidate_186,Data Scientist,Data Scientist with 2 years experience in python statistics numpy
Candidate_187,DevOps Engineer,DevOps Engineer with 4 years experience in ci cd docker kubernetes
Candidate_188,AI Engineer,AI Engineer with 2 years experience in llm deep learning python
Candidate_189,HR Manager,HR Manager with 1 years experience in communication talent acquisition recruitment
Candidate_190,HR Manager,HR Manager with 2 years experience in hr analytics recruitment communication
Candidate_191,Data Scientist,Data Scientist with 1 years experience in machine learning numpy pandas
Candidate_192,Business Analyst,Business Analyst with 3 years experience in reporting dashboard excel
Candidate_193,Data Analyst,Data Analyst with 4 years experience in power bi tableau sql
Candidate_194,Business Analyst,Business Analyst with 2 years experience in sql dashboard analysis
Candidate_195,Backend Developer,Backend Developer with 4 years experience in api mongodb sql
Candidate_196,Data Scientist,Data Scientist with 4 years experience in machine learning pandas numpy
Candidate_197,HR Manager,HR Manager with 5 years experience in recruitment communication talent acquisition
Candidate_198,Business Analyst,Business Analyst with 2 years experience in excel dashboard reporting
Candidate_199,Frontend Developer,Frontend Developer with 5 years experience in css html ui ux
Candidate_200,DevOps Engineer,DevOps Engineer with 1 years experience in ci cd linux docker
Candidate_201,Software Engineer,Software Engineer with 5 years experience in java docker spring boot
Candidate_202,Frontend Developer,Frontend Developer with 2 years experience in ui ux html javascript
Candidate_203,Business Analyst,Business Analyst with 1 years experience in analysis sql excel
Candidate_204,Frontend Developer,Frontend Developer with 4 years experience in javascript react css
Candidate_205,Software Engineer,Software Engineer with 2 years experience in api spring boot docker
Candidate_206,Data Scientist,Data Scientist with 3 years experience in pandas python statistics
Candidate_207,AI Engineer,AI Engineer with 4 years experience in transformers llm python
Candidate_208,AI Engineer,AI Engineer with 1 years experience in deep learning nlp llm
Candidate_209,DevOps Engineer,DevOps Engineer with 1 years experience in ci cd kubernetes aws
Candidate_210,Backend Developer,Backend Developer with 4 years experience in mongodb sql express
Candidate_211,Business Analyst,Business Analyst with 2 years experience in analysis sql dashboard
Candidate_212,Business Analyst,Business Analyst with 2 years experience in analysis sql excel
Candidate_213,DevOps Engineer,DevOps Engineer with 1 years experience in aws linux kubernetes
Candidate_214,Backend Developer,Backend Developer with 3 years experience in mongodb node js express
Candidate_215,Business Analyst,Business Analyst with 3 years experience in reporting excel dashboard
Candidate_216,Backend Developer,Backend Developer with 5 years experience in mongodb express node js
Candidate_217,Software Engineer,Software Engineer with 2 years experience in spring boot docker api
Candidate_218,Frontend Developer,Frontend Developer with 4 years experience in javascript css html
Candidate_219,Data Scientist,Data Scientist with 5 years experience in numpy statistics machine learning
Candidate_220,Backend Developer,Backend Developer with 3 years experience in express sql api
Candidate_221,AI Engineer,AI Engineer with 1 years experience in nlp transformers python
Candidate_222,Frontend Developer,Frontend Developer with 3 years experience in html react javascript
Candidate_223,Software Engineer,Software Engineer with 1 years experience in api docker java
Candidate_224,AI Engineer,AI Engineer with 2 years experience in transformers nlp python
Candidate_225,Frontend Developer,Frontend Developer with 4 years experience in html ui ux javascript
Candidate_226,Business Analyst,Business Analyst with 2 years experience in sql excel dashboard
Candidate_227,HR Manager,HR Manager with 5 years experience in recruitment hr analytics talent acquisition
Candidate_228,Machine Learning Engineer,Machine Learning Engineer with 1 years experience in python tensorflow nlp
Candidate_229,Data Analyst,Data Analyst with 3 years experience in sql power bi tableau
Candidate_230,DevOps Engineer,DevOps Engineer with 2 years experience in ci cd aws linux
Candidate_231,HR Manager,HR Manager with 3 years experience in recruitment hr analytics communication
Candidate_232,DevOps Engineer,DevOps Engineer with 4 years experience in kubernetes docker aws
Candidate_233,Data Scientist,Data Scientist with 4 years experience in numpy python machine learning
Candidate_234,HR Manager,HR Manager with 1 years experience in hr analytics recruitment communication
Candidate_235,DevOps Engineer,DevOps Engineer with 4 years experience in kubernetes linux docker
Candidate_236,Data Analyst,Data Analyst with 4 years experience in tableau power bi excel
Candidate_237,AI Engineer,AI Engineer with 2 years experience in deep learning python nlp
Candidate_238,Frontend Developer,Frontend Developer with 2 years experience in ui ux javascript html
Candidate_239,HR Manager,HR Manager with 1 years experience in talent acquisition hr analytics recruitment
Candidate_240,HR Manager,HR Manager with 2 years experience in communication recruitment hr analytics
Candidate_241,HR Manager,HR Manager with 1 years experience in hr analytics communication talent acquisition
Candidate_242,Backend Developer,Backend Developer with 5 years experience in express mongodb node js
Candidate_243,Backend Developer,Backend Developer with 5 years experience in api mongodb sql
Candidate_244,AI Engineer,AI Engineer with 2 years experience in python deep learning llm
Candidate_245,HR Manager,HR Manager with 1 years experience in talent acquisition hr analytics recruitment
Candidate_246,Backend Developer,Backend Developer with 2 years experience in node js api mongodb
Candidate_247,Frontend Developer,Frontend Developer with 3 years experience in html css javascript
Candidate_248,AI Engineer,AI Engineer with 1 years experience in deep learning nlp transformers
Candidate_249,Frontend Developer,Frontend Developer with 1 years experience in react ui ux javascript
Candidate_250,Data Scientist,Data Scientist with 4 years experience in statistics python numpy
Candidate_251,Software Engineer,Software Engineer with 2 years experience in microservices api docker
Candidate_252,Software Engineer,Software Engineer with 1 years experience in microservices api java
Candidate_253,DevOps Engineer,DevOps Engineer with 5 years experience in aws linux kubernetes
Candidate_254,Backend Developer,Backend Developer with 3 years experience in node js express sql
Candidate_255,Machine Learning Engineer,Machine Learning Engineer with 5 years experience in tensorflow deep learning keras
Candidate_256,Software Engineer,Software Engineer with 2 years experience in api docker java
Candidate_257,AI Engineer,AI Engineer with 5 years experience in python nlp transformers
Candidate_258,Frontend Developer,Frontend Developer with 2 years experience in html javascript react
Candidate_259,AI Engineer,AI Engineer with 4 years experience in deep learning transformers llm
Candidate_260,Backend Developer,Backend Developer with 1 years experience in node js sql api
Candidate_261,Data Scientist,Data Scientist with 4 years experience in numpy machine learning statistics
Candidate_262,DevOps Engineer,DevOps Engineer with 5 years experience in ci cd kubernetes linux
Candidate_263,Data Analyst,Data Analyst with 5 years experience in excel tableau power bi
Candidate_264,Backend Developer,Backend Developer with 2 years experience in node js mongodb api
Candidate_265,AI Engineer,AI Engineer with 5 years experience in transformers llm deep learning
Candidate_266,Frontend Developer,Frontend Developer with 5 years experience in javascript ui ux css
Candidate_267,Frontend Developer,Frontend Developer with 1 years experience in css ui ux html
Candidate_268,HR Manager,HR Manager with 5 years experience in communication hr analytics recruitment
Candidate_269,HR Manager,HR Manager with 4 years experience in talent acquisition hr analytics recruitment
Candidate_270,Frontend Developer,Frontend Developer with 3 years experience in ui ux react html
Candidate_271,Software Engineer,Software Engineer with 4 years experience in microservices spring boot api
Candidate_272,Software Engineer,Software Engineer with 4 years experience in api java spring boot
Candidate_273,Backend Developer,Backend Developer with 5 years experience in sql node js express
Candidate_274,DevOps Engineer,DevOps Engineer with 1 years experience in docker linux kubernetes
Candidate_275,Business Analyst,Business Analyst with 5 years experience in analysis reporting excel
Candidate_276,Backend Developer,Backend Developer with 4 years experience in sql api node js
Candidate_277,Data Scientist,Data Scientist with 5 years experience in machine learning python statistics
Candidate_278,DevOps Engineer,DevOps Engineer with 4 years experience in kubernetes linux aws
Candidate_279,AI Engineer,AI Engineer with 3 years experience in llm transformers python
Candidate_280,Frontend Developer,Frontend Developer with 1 years experience in ui ux html javascript
Candidate_281,HR Manager,HR Manager with 2 years experience in talent acquisition communication hr analytics
Candidate_282,Machine Learning Engineer,Machine Learning Engineer with 4 years experience in deep learning keras python
Candidate_283,Data Analyst,Data Analyst with 5 years experience in excel python sql
Candidate_284,HR Manager,HR Manager with 3 years experience in hr analytics talent acquisition communication
Candidate_285,Frontend Developer,Frontend Developer with 2 years experience in html css react
Candidate_286,AI Engineer,AI Engineer with 4 years experience in llm deep learning transformers
Candidate_287,Backend Developer,Backend Developer with 2 years experience in sql express node js
Candidate_288,Backend Developer,Backend Developer with 5 years experience in api mongodb node js
Candidate_289,Backend Developer,Backend Developer with 4 years experience in mongodb api sql
Candidate_290,Data Analyst,Data Analyst with 5 years experience in excel python power bi
Candidate_291,Frontend Developer,Frontend Developer with 2 years experience in css javascript react
Candidate_292,Software Engineer,Software Engineer with 4 years experience in docker microservices java
Candidate_293,Data Analyst,Data Analyst with 5 years experience in power bi python excel
Candidate_294,DevOps Engineer,DevOps Engineer with 3 years experience in docker aws ci cd
Candidate_295,Frontend Developer,Frontend Developer with 2 years experience in react html javascript
Candidate_296,Data Analyst,Data Analyst with 5 years experience in excel tableau python
Candidate_297,Data Analyst,Data Analyst with 5 years experience in excel sql tableau
Candidate_298,Backend Developer,Backend Developer with 3 years experience in node js mongodb sql
Candidate_299,Business Analyst,Business Analyst with 5 years experience in excel dashboard analysis
Candidate_300,HR Manager,HR Manager with 4 years experience in talent acquisition communication recruitment
Candidate_301,Machine Learning Engineer,Machine Learning Engineer with 3 years experience in nlp tensorflow deep learning
Candidate_302,Data Analyst,Data Analyst with 1 years experience in tableau power bi sql
Candidate_303,Data Scientist,Data Scientist with 2 years experience in statistics machine learning numpy
Candidate_304,Backend Developer,Backend Developer with 5 years experience in sql node js api
Candidate_305,Backend Developer,Backend Developer with 1 years experience in api mongodb sql
Candidate_306,Frontend Developer,Frontend Developer with 2 years experience in react html javascript
Candidate_307,HR Manager,HR Manager with 5 years experience in recruitment communication talent acquisition
Candidate_308,Data Analyst,Data Analyst with 4 years experience in power bi python excel
Candidate_309,Machine Learning Engineer,Machine Learning Engineer with 2 years experience in deep learning keras nlp
Candidate_310,Data Analyst,Data Analyst with 2 years experience in tableau power bi sql
Candidate_311,Data Analyst,Data Analyst with 5 years experience in tableau power bi python
Candidate_312,Data Analyst,Data Analyst with 1 years experience in sql python excel
Candidate_313,Data Scientist,Data Scientist with 3 years experience in python machine learning numpy
Candidate_314,Software Engineer,Software Engineer with 2 years experience in spring boot java api
Candidate_315,Backend Developer,Backend Developer with 4 years experience in express sql api
Candidate_316,AI Engineer,AI Engineer with 2 years experience in python transformers deep learning
Candidate_317,Backend Developer,Backend Developer with 4 years experience in api sql node js
Candidate_318,Frontend Developer,Frontend Developer with 3 years experience in html ui ux react
Candidate_319,DevOps Engineer,DevOps Engineer with 4 years experience in aws ci cd linux
Candidate_320,Data Scientist,Data Scientist with 2 years experience in statistics pandas numpy
Candidate_321,Business Analyst,Business Analyst with 1 years experience in excel reporting dashboard
Candidate_322,AI Engineer,AI Engineer with 2 years experience in nlp transformers llm
Candidate_323,Business Analyst,Business Analyst with 2 years experience in dashboard analysis reporting
Candidate_324,DevOps Engineer,DevOps Engineer with 2 years experience in aws docker linux
Candidate_325,Data Scientist,Data Scientist with 5 years experience in numpy python machine learning
Candidate_326,AI Engineer,AI Engineer with 3 years experience in transformers deep learning llm
Candidate_327,Software Engineer,Software Engineer with 2 years experience in spring boot java microservices
Candidate_328,Business Analyst,Business Analyst with 3 years experience in reporting dashboard analysis
Candidate_329,Data Scientist,Data Scientist with 3 years experience in numpy pandas python
Candidate_330,Machine Learning Engineer,Machine Learning Engineer with 3 years experience in tensorflow nlp keras
Candidate_331,Business Analyst,Business Analyst with 1 years experience in analysis reporting dashboard
Candidate_332,HR Manager,HR Manager with 3 years experience in talent acquisition recruitment hr analytics
Candidate_333,Frontend Developer,Frontend Developer with 4 years experience in javascript html react
Candidate_334,Data Analyst,Data Analyst with 5 years experience in python tableau sql
Candidate_335,Frontend Developer,Frontend Developer with 1 years experience in html javascript css
Candidate_336,DevOps Engineer,DevOps Engineer with 2 years experience in linux ci cd docker
Candidate_337,DevOps Engineer,DevOps Engineer with 4 years experience in kubernetes ci cd aws
Candidate_338,DevOps Engineer,DevOps Engineer with 2 years experience in linux docker kubernetes
Candidate_339,Business Analyst,Business Analyst with 4 years experience in reporting excel analysis
Candidate_340,Software Engineer,Software Engineer with 5 years experience in java api spring boot
Candidate_341,Data Analyst,Data Analyst with 1 years experience in sql python tableau
Candidate_342,AI Engineer,AI Engineer with 2 years experience in nlp llm python
Candidate_343,Software Engineer,Software Engineer with 5 years experience in docker api microservices
Candidate_344,Data Analyst,Data Analyst with 4 years experience in sql python tableau
Candidate_345,Data Scientist,Data Scientist with 3 years experience in machine learning pandas statistics
Candidate_346,Data Scientist,Data Scientist with 4 years experience in statistics pandas python
Candidate_347,Backend Developer,Backend Developer with 4 years experience in node js express sql
Candidate_348,HR Manager,HR Manager with 1 years experience in communication recruitment hr analytics
Candidate_349,Backend Developer,Backend Developer with 5 years experience in node js mongodb api
Candidate_350,Data Analyst,Data Analyst with 1 years experience in excel python tableau
Candidate_351,Data Analyst,Data Analyst with 1 years experience in python tableau power bi
Candidate_352,Frontend Developer,Frontend Developer with 5 years experience in ui ux react css
Candidate_353,Data Analyst,Data Analyst with 4 years experience in python power bi sql
Candidate_354,Frontend Developer,Frontend Developer with 5 years experience in html javascript react
Candidate_355,DevOps Engineer,DevOps Engineer with 4 years experience in linux kubernetes docker
Candidate_356,Software Engineer,Software Engineer with 5 years experience in api spring boot microservices
Candidate_357,DevOps Engineer,DevOps Engineer with 4 years experience in aws ci cd kubernetes
Candidate_358,DevOps Engineer,DevOps Engineer with 1 years experience in aws docker linux
Candidate_359,Data Scientist,Data Scientist with 5 years experience in statistics pandas machine learning
Candidate_360,HR Manager,HR Manager with 4 years experience in communication recruitment talent acquisition
Candidate_361,Frontend Developer,Frontend Developer with 5 years experience in css react javascript
Candidate_362,Business Analyst,Business Analyst with 1 years experience in sql dashboard excel
Candidate_363,Backend Developer,Backend Developer with 4 years experience in express mongodb sql
Candidate_364,HR Manager,HR Manager with 5 years experience in recruitment communication hr analytics
Candidate_365,DevOps Engineer,DevOps Engineer with 1 years experience in ci cd docker linux
Candidate_366,Business Analyst,Business Analyst with 2 years experience in dashboard sql reporting
Candidate_367,Data Analyst,Data Analyst with 1 years experience in excel tableau python
Candidate_368,Frontend Developer,Frontend Developer with 1 years experience in react javascript ui ux
Candidate_369,Data Analyst,Data Analyst with 5 years experience in excel tableau sql
Candidate_370,Business Analyst,Business Analyst with 5 years experience in dashboard reporting analysis
Candidate_371,Data Scientist,Data Scientist with 3 years experience in pandas numpy statistics
Candidate_372,DevOps Engineer,DevOps Engineer with 4 years experience in ci cd docker aws
Candidate_373,Data Scientist,Data Scientist with 4 years experience in python numpy pandas
Candidate_374,Machine Learning Engineer,Machine Learning Engineer with 1 years experience in python keras tensorflow
Candidate_375,Frontend Developer,Frontend Developer with 5 years experience in ui ux css javascript
Candidate_376,Frontend Developer,Frontend Developer with 2 years experience in react css javascript
Candidate_377,Software Engineer,Software Engineer with 3 years experience in api java docker
Candidate_378,Software Engineer,Software Engineer with 1 years experience in api microservices spring boot
Candidate_379,Business Analyst,Business Analyst with 3 years experience in reporting excel sql
Candidate_380,Software Engineer,Software Engineer with 5 years experience in microservices api docker
Candidate_381,Software Engineer,Software Engineer with 3 years experience in docker java microservices
Candidate_382,Backend Developer,Backend Developer with 5 years experience in express node js api
Candidate_383,Frontend Developer,Frontend Developer with 5 years experience in css html ui ux
Candidate_384,DevOps Engineer,DevOps Engineer with 1 years experience in aws docker kubernetes
Candidate_385,Data Analyst,Data Analyst with 4 years experience in power bi python excel
Candidate_386,Machine Learning Engineer,Machine Learning Engineer with 5 years experience in nlp tensorflow python
Candidate_387,HR Manager,HR Manager with 3 years experience in communication recruitment talent acquisition
Candidate_388,Business Analyst,Business Analyst with 5 years experience in reporting analysis excel
Candidate_389,HR Manager,HR Manager with 2 years experience in hr analytics talent acquisition recruitment
Candidate_390,HR Manager,HR Manager with 2 years experience in communication hr analytics recruitment
Candidate_391,Backend Developer,Backend Developer with 1 years experience in sql mongodb node js
Candidate_392,Backend Developer,Backend Developer with 4 years experience in sql api express
Candidate_393,AI Engineer,AI Engineer with 4 years experience in llm nlp python
Candidate_394,Machine Learning Engineer,Machine Learning Engineer with 1 years experience in python deep learning nlp
Candidate_395,Business Analyst,Business Analyst with 1 years experience in excel dashboard sql
Candidate_396,Business Analyst,Business Analyst with 2 years experience in analysis excel reporting
Candidate_397,Frontend Developer,Frontend Developer with 2 years experience in ui ux javascript react
Candidate_398,Business Analyst,Business Analyst with 2 years experience in analysis dashboard excel
Candidate_399,Data Analyst,Data Analyst with 2 years experience in excel sql tableau
Candidate_400,DevOps Engineer,DevOps Engineer with 5 years experience in docker aws kubernetes
Candidate_401,Software Engineer,Software Engineer with 3 years experience in java spring boot microservices
Candidate_402,AI Engineer,AI Engineer with 5 years experience in nlp deep learning llm
Candidate_403,Machine Learning Engineer,Machine Learning Engineer with 1 years experience in keras nlp deep learning
Candidate_404,DevOps Engineer,DevOps Engineer with 5 years experience in kubernetes ci cd linux
Candidate_405,Business Analyst,Business Analyst with 1 years experience in sql excel reporting
Candidate_406,Business Analyst,Business Analyst with 5 years experience in dashboard analysis excel
Candidate_407,DevOps Engineer,DevOps Engineer with 2 years experience in docker kubernetes aws
Candidate_408,Machine Learning Engineer,Machine Learning Engineer with 4 years experience in nlp python deep learning
Candidate_409,HR Manager,HR Manager with 5 years experience in hr analytics talent acquisition communication
Candidate_410,Business Analyst,Business Analyst with 2 years experience in sql reporting excel
Candidate_411,Machine Learning Engineer,Machine Learning Engineer with 5 years experience in tensorflow python nlp
Candidate_412,Business Analyst,Business Analyst with 4 years experience in sql analysis reporting
Candidate_413,HR Manager,HR Manager with 1 years experience in recruitment hr analytics talent acquisition
Candidate_414,Data Scientist,Data Scientist with 3 years experience in statistics machine learning numpy
Candidate_415,Frontend Developer,Frontend Developer with 5 years experience in html css react
Candidate_416,AI Engineer,AI Engineer with 4 years experience in deep learning python llm
Candidate_417,AI Engineer,AI Engineer with 2 years experience in transformers deep learning python
Candidate_418,Data Scientist,Data Scientist with 2 years experience in machine learning numpy python
Candidate_419,Frontend Developer,Frontend Developer with 3 years experience in javascript css react
Candidate_420,Software Engineer,Software Engineer with 1 years experience in docker microservices spring boot
Candidate_421,Data Scientist,Data Scientist with 5 years experience in pandas machine learning numpy
Candidate_422,AI Engineer,AI Engineer with 4 years experience in llm deep learning python
Candidate_423,HR Manager,HR Manager with 1 years experience in talent acquisition hr analytics recruitment
Candidate_424,AI Engineer,AI Engineer with 5 years experience in transformers llm nlp
Candidate_425,Software Engineer,Software Engineer with 2 years experience in microservices docker api
Candidate_426,Backend Developer,Backend Developer with 2 years experience in sql api mongodb
Candidate_427,AI Engineer,AI Engineer with 2 years experience in python nlp transformers
Candidate_428,Data Scientist,Data Scientist with 4 years experience in python pandas statistics
Candidate_429,Data Analyst,Data Analyst with 4 years experience in sql python power bi
Candidate_430,Software Engineer,Software Engineer with 5 years experience in java docker microservices
Candidate_431,Data Analyst,Data Analyst with 4 years experience in sql python excel
Candidate_432,DevOps Engineer,DevOps Engineer with 2 years experience in aws docker ci cd
Candidate_433,Backend Developer,Backend Developer with 2 years experience in api sql express
Candidate_434,HR Manager,HR Manager with 2 years experience in talent acquisition communication recruitment
Candidate_435,AI Engineer,AI Engineer with 1 years experience in nlp transformers deep learning
Candidate_436,Business Analyst,Business Analyst with 2 years experience in excel sql analysis
Candidate_437,AI Engineer,AI Engineer with 1 years experience in nlp llm deep learning
Candidate_438,HR Manager,HR Manager with 2 years experience in recruitment talent acquisition hr analytics
Candidate_439,Data Scientist,Data Scientist with 4 years experience in pandas machine learning numpy
Candidate_440,Machine Learning Engineer,Machine Learning Engineer with 2 years experience in deep learning python keras
Candidate_441,Backend Developer,Backend Developer with 4 years experience in mongodb api sql
Candidate_442,Data Analyst,Data Analyst with 2 years experience in sql python tableau
Candidate_443,Data Analyst,Data Analyst with 1 years experience in power bi sql python
Candidate_444,Data Scientist,Data Scientist with 3 years experience in numpy statistics python
Candidate_445,Business Analyst,Business Analyst with 2 years experience in excel analysis sql
Candidate_446,Data Analyst,Data Analyst with 3 years experience in power bi sql tableau
Candidate_447,Data Analyst,Data Analyst with 2 years experience in excel tableau sql
Candidate_448,AI Engineer,AI Engineer with 1 years experience in llm transformers nlp
Candidate_449,Data Scientist,Data Scientist with 5 years experience in numpy statistics python
Candidate_450,Data Scientist,Data Scientist with 2 years experience in pandas machine learning python
Candidate_451,Data Scientist,Data Scientist with 5 years experience in numpy machine learning python
Candidate_452,HR Manager,HR Manager with 3 years experience in recruitment hr analytics communication
Candidate_453,AI Engineer,AI Engineer with 3 years experience in transformers python nlp
Candidate_454,HR Manager,HR Manager with 3 years experience in hr analytics talent acquisition communication
Candidate_455,Machine Learning Engineer,Machine Learning Engineer with 3 years experience in nlp tensorflow deep learning
Candidate_456,AI Engineer,AI Engineer with 4 years experience in deep learning nlp python
Candidate_457,Machine Learning Engineer,Machine Learning Engineer with 5 years experience in deep learning keras tensorflow
Candidate_458,Business Analyst,Business Analyst with 1 years experience in excel sql analysis
Candidate_459,Business Analyst,Business Analyst with 2 years experience in dashboard analysis sql
Candidate_460,Software Engineer,Software Engineer with 3 years experience in docker spring boot java
Candidate_461,Frontend Developer,Frontend Developer with 4 years experience in html css javascript
Candidate_462,Data Scientist,Data Scientist with 2 years experience in numpy statistics python
Candidate_463,Business Analyst,Business Analyst with 4 years experience in analysis reporting excel
Candidate_464,Machine Learning Engineer,Machine Learning Engineer with 4 years experience in nlp tensorflow python
Candidate_465,Software Engineer,Software Engineer with 4 years experience in docker java api
Candidate_466,Frontend Developer,Frontend Developer with 3 years experience in css react javascript
Candidate_467,DevOps Engineer,DevOps Engineer with 2 years experience in aws kubernetes linux
Candidate_468,HR Manager,HR Manager with 4 years experience in hr analytics communication talent acquisition
Candidate_469,AI Engineer,AI Engineer with 3 years experience in llm deep learning python
Candidate_470,Frontend Developer,Frontend Developer with 5 years experience in css javascript ui ux
Candidate_471,Frontend Developer,Frontend Developer with 2 years experience in react ui ux javascript
Candidate_472,HR Manager,HR Manager with 3 years experience in recruitment communication hr analytics
Candidate_473,Business Analyst,Business Analyst with 1 years experience in reporting dashboard analysis
Candidate_474,Data Scientist,Data Scientist with 4 years experience in numpy statistics pandas
Candidate_475,DevOps Engineer,DevOps Engineer with 3 years experience in linux ci cd kubernetes
Candidate_476,Business Analyst,Business Analyst with 3 years experience in analysis excel sql
Candidate_477,Software Engineer,Software Engineer with 4 years experience in spring boot docker java
Candidate_478,Backend Developer,Backend Developer with 3 years experience in express api node js
Candidate_479,Business Analyst,Business Analyst with 4 years experience in dashboard excel sql
Candidate_480,AI Engineer,AI Engineer with 5 years experience in python llm deep learning
Candidate_481,DevOps Engineer,DevOps Engineer with 3 years experience in docker ci cd linux
Candidate_482,AI Engineer,AI Engineer with 1 years experience in transformers llm python
Candidate_483,DevOps Engineer,DevOps Engineer with 4 years experience in linux kubernetes aws
Candidate_484,Data Scientist,Data Scientist with 3 years experience in machine learning pandas numpy
Candidate_485,Software Engineer,Software Engineer with 3 years experience in spring boot docker java
Candidate_486,HR Manager,HR Manager with 5 years experience in talent acquisition recruitment hr analytics
Candidate_487,Data Analyst,Data Analyst with 4 years experience in excel python sql
Candidate_488,HR Manager,HR Manager with 4 years experience in recruitment talent acquisition hr analytics
Candidate_489,HR Manager,HR Manager with 3 years experience in talent acquisition communication recruitment
Candidate_490,Machine Learning Engineer,Machine Learning Engineer with 2 years experience in nlp keras tensorflow
Candidate_491,Business Analyst,Business Analyst with 2 years experience in analysis sql dashboard
Candidate_492,Frontend Developer,Frontend Developer with 1 years experience in html ui ux javascript
Candidate_493,Backend Developer,Backend Developer with 1 years experience in express node js api
Candidate_494,Business Analyst,Business Analyst with 5 years experience in dashboard analysis reporting
Candidate_495,Machine Learning Engineer,Machine Learning Engineer with 5 years experience in deep learning nlp python
Candidate_496,DevOps Engineer,DevOps Engineer with 3 years experience in ci cd kubernetes linux
Candidate_497,AI Engineer,AI Engineer with 4 years experience in llm nlp python
Candidate_498,Frontend Developer,Frontend Developer with 2 years experience in html react ui ux
Candidate_499,DevOps Engineer,DevOps Engineer with 1 years experience in linux docker kubernetes
Candidate_500,DevOps Engineer,DevOps Engineer with 5 years experience in linux aws docker
Candidate_501,HR Manager,HR Manager with 4 years experience in hr analytics talent acquisition recruitment
Candidate_502,HR Manager,HR Manager with 4 years experience in hr analytics recruitment talent acquisition
Candidate_503,HR Manager,HR Manager with 4 years experience in recruitment talent acquisition hr analytics
Candidate_504,Frontend Developer,Frontend Developer with 5 years experience in css javascript html
Candidate_505,Software Engineer,Software Engineer with 3 years experience in microservices spring boot docker
Candidate_506,DevOps Engineer,DevOps Engineer with 1 years experience in docker kubernetes linux
Candidate_507,HR Manager,HR Manager with 4 years experience in hr analytics recruitment talent acquisition
Candidate_508,AI Engineer,AI Engineer with 3 years experience in llm nlp deep learning
Candidate_509,HR Manager,HR Manager with 5 years experience in talent acquisition communication hr analytics
Candidate_510,Data Scientist,Data Scientist with 2 years experience in pandas machine learning numpy
Candidate_511,DevOps Engineer,DevOps Engineer with 1 years experience in aws kubernetes linux
Candidate_512,Software Engineer,Software Engineer with 3 years experience in microservices api docker
Candidate_513,Data Scientist,Data Scientist with 5 years experience in statistics python pandas
Candidate_514,HR Manager,HR Manager with 4 years experience in talent acquisition hr analytics communication
Candidate_515,Data Scientist,Data Scientist with 5 years experience in numpy machine learning statistics
Candidate_516,HR Manager,HR Manager with 3 years experience in recruitment hr analytics communication
Candidate_517,Data Scientist,Data Scientist with 2 years experience in statistics machine learning numpy
Candidate_518,HR Manager,HR Manager with 1 years experience in talent acquisition recruitment communication
Candidate_519,Software Engineer,Software Engineer with 5 years experience in docker spring boot java
Candidate_520,Data Analyst,Data Analyst with 3 years experience in power bi tableau excel
Candidate_521,Data Scientist,Data Scientist with 1 years experience in pandas python statistics
Candidate_522,Data Analyst,Data Analyst with 5 years experience in python excel power bi
Candidate_523,HR Manager,HR Manager with 3 years experience in communication hr analytics recruitment
Candidate_524,DevOps Engineer,DevOps Engineer with 2 years experience in aws docker ci cd
Candidate_525,Software Engineer,Software Engineer with 5 years experience in api docker java
Candidate_526,Backend Developer,Backend Developer with 1 years experience in node js express api
Candidate_527,Backend Developer,Backend Developer with 5 years experience in mongodb node js express
Candidate_528,Machine Learning Engineer,Machine Learning Engineer with 3 years experience in tensorflow deep learning python
Candidate_529,Frontend Developer,Frontend Developer with 1 years experience in css ui ux html
Candidate_530,AI Engineer,AI Engineer with 4 years experience in deep learning python nlp
Candidate_531,Backend Developer,Backend Developer with 2 years experience in sql mongodb api
Candidate_532,Software Engineer,Software Engineer with 5 years experience in spring boot java microservices
Candidate_533,AI Engineer,AI Engineer with 4 years experience in deep learning llm python
Candidate_534,DevOps Engineer,DevOps Engineer with 4 years experience in docker aws kubernetes
Candidate_535,Data Analyst,Data Analyst with 5 years experience in sql excel python
Candidate_536,Data Analyst,Data Analyst with 5 years experience in python sql excel
Candidate_537,DevOps Engineer,DevOps Engineer with 1 years experience in kubernetes linux aws
Candidate_538,Frontend Developer,Frontend Developer with 4 years experience in html react javascript
Candidate_539,Machine Learning Engineer,Machine Learning Engineer with 2 years experience in tensorflow python nlp
Candidate_540,Frontend Developer,Frontend Developer with 3 years experience in css javascript ui ux
Candidate_541,Data Analyst,Data Analyst with 3 years experience in power bi sql tableau
Candidate_542,Data Analyst,Data Analyst with 2 years experience in power bi python excel
Candidate_543,Data Scientist,Data Scientist with 2 years experience in statistics machine learning pandas
Candidate_544,HR Manager,HR Manager with 2 years experience in communication talent acquisition hr analytics
Candidate_545,Software Engineer,Software Engineer with 5 years experience in docker java spring boot
Candidate_546,Machine Learning Engineer,Machine Learning Engineer with 4 years experience in tensorflow deep learning python
Candidate_547,Frontend Developer,Frontend Developer with 3 years experience in css javascript html
Candidate_548,Backend Developer,Backend Developer with 2 years experience in sql express api
Candidate_549,Business Analyst,Business Analyst with 1 years experience in analysis excel dashboard
Candidate_550,Data Scientist,Data Scientist with 3 years experience in machine learning statistics numpy
Candidate_551,Backend Developer,Backend Developer with 2 years experience in mongodb node js express
Candidate_552,Machine Learning Engineer,Machine Learning Engineer with 1 years experience in nlp tensorflow keras
Candidate_553,Backend Developer,Backend Developer with 3 years experience in sql express api
Candidate_554,Software Engineer,Software Engineer with 2 years experience in docker api java
Candidate_555,Business Analyst,Business Analyst with 4 years experience in sql excel dashboard
Candidate_556,Business Analyst,Business Analyst with 5 years experience in dashboard sql analysis
Candidate_557,Frontend Developer,Frontend Developer with 1 years experience in react css html
Candidate_558,Machine Learning Engineer,Machine Learning Engineer with 4 years experience in nlp python deep learning
Candidate_559,Backend Developer,Backend Developer with 3 years experience in sql api node js
Candidate_560,Frontend Developer,Frontend Developer with 3 years experience in css html ui ux
Candidate_561,Business Analyst,Business Analyst with 1 years experience in reporting analysis dashboard
Candidate_562,AI Engineer,AI Engineer with 4 years experience in nlp python transformers
Candidate_563,Data Scientist,Data Scientist with 1 years experience in python numpy statistics
Candidate_564,HR Manager,HR Manager with 4 years experience in hr analytics talent acquisition communication
Candidate_565,Data Scientist,Data Scientist with 3 years experience in machine learning python pandas
Candidate_566,AI Engineer,AI Engineer with 4 years experience in llm deep learning transformers
Candidate_567,AI Engineer,AI Engineer with 2 years experience in llm nlp transformers
Candidate_568,Machine Learning Engineer,Machine Learning Engineer with 2 years experience in python deep learning nlp
Candidate_569,DevOps Engineer,DevOps Engineer with 5 years experience in kubernetes ci cd aws
Candidate_570,Machine Learning Engineer,Machine Learning Engineer with 5 years experience in nlp tensorflow python
Candidate_571,Software Engineer,Software Engineer with 1 years experience in java spring boot docker
Candidate_572,Software Engineer,Software Engineer with 3 years experience in api java spring boot
Candidate_573,Backend Developer,Backend Developer with 5 years experience in node js express sql
Candidate_574,Machine Learning Engineer,Machine Learning Engineer with 3 years experience in deep learning python tensorflow
Candidate_575,DevOps Engineer,DevOps Engineer with 3 years experience in ci cd kubernetes linux
Candidate_576,HR Manager,HR Manager with 2 years experience in communication hr analytics recruitment
Candidate_577,Frontend Developer,Frontend Developer with 5 years experience in html css javascript
Candidate_578,HR Manager,HR Manager with 1 years experience in hr analytics recruitment communication
Candidate_579,Data Scientist,Data Scientist with 1 years experience in machine learning pandas python
Candidate_580,Machine Learning Engineer,Machine Learning Engineer with 3 years experience in deep learning tensorflow keras
Candidate_581,Data Scientist,Data Scientist with 4 years experience in python pandas machine learning
Candidate_582,Software Engineer,Software Engineer with 1 years experience in java api docker
Candidate_583,Software Engineer,Software Engineer with 4 years experience in api microservices java
Candidate_584,HR Manager,HR Manager with 4 years experience in talent acquisition communication recruitment
Candidate_585,HR Manager,HR Manager with 3 years experience in talent acquisition hr analytics recruitment
Candidate_586,Software Engineer,Software Engineer with 1 years experience in api spring boot microservices
Candidate_587,Backend Developer,Backend Developer with 1 years experience in node js sql api
Candidate_588,Backend Developer,Backend Developer with 5 years experience in api node js express
Candidate_589,Software Engineer,Software Engineer with 4 years experience in docker api microservices
Candidate_590,HR Manager,HR Manager with 3 years experience in recruitment hr analytics communication
Candidate_591,HR Manager,HR Manager with 1 years experience in hr analytics communication recruitment
Candidate_592,HR Manager,HR Manager with 1 years experience in communication hr analytics talent acquisition
Candidate_593,HR Manager,HR Manager with 3 years experience in talent acquisition recruitment communication
Candidate_594,DevOps Engineer,DevOps Engineer with 2 years experience in ci cd linux docker
Candidate_595,Machine Learning Engineer,Machine Learning Engineer with 2 years experience in keras python deep learning
Candidate_596,AI Engineer,AI Engineer with 1 years experience in deep learning python nlp
Candidate_597,DevOps Engineer,DevOps Engineer with 2 years experience in docker kubernetes aws
Candidate_598,Software Engineer,Software Engineer with 2 years experience in docker microservices api
Candidate_599,Backend Developer,Backend Developer with 1 years experience in express sql node js
Candidate_600,Software Engineer,Software Engineer with 3 years experience in api java spring boot
Candidate_601,Business Analyst,Business Analyst with 1 years experience in dashboard reporting sql
Candidate_602,AI Engineer,AI Engineer with 4 years experience in nlp llm deep learning
Candidate_603,HR Manager,HR Manager with 2 years experience in communication talent acquisition hr analytics
Candidate_604,HR Manager,HR Manager with 1 years experience in talent acquisition hr analytics communication
Candidate_605,HR Manager,HR Manager with 1 years experience in talent acquisition hr analytics communication
Candidate_606,Business Analyst,Business Analyst with 5 years experience in excel sql dashboard
Candidate_607,DevOps Engineer,DevOps Engineer with 4 years experience in linux aws kubernetes
Candidate_608,Backend Developer,Backend Developer with 1 years experience in mongodb express api
Candidate_609,DevOps Engineer,DevOps Engineer with 2 years experience in linux kubernetes aws
Candidate_610,HR Manager,HR Manager with 3 years experience in talent acquisition recruitment hr analytics
Candidate_611,DevOps Engineer,DevOps Engineer with 1 years experience in ci cd docker linux
Candidate_612,Frontend Developer,Frontend Developer with 1 years experience in ui ux javascript html
Candidate_613,Backend Developer,Backend Developer with 2 years experience in express sql api
Candidate_614,Backend Developer,Backend Developer with 1 years experience in sql express mongodb
Candidate_615,Machine Learning Engineer,Machine Learning Engineer with 3 years experience in deep learning keras nlp
Candidate_616,DevOps Engineer,DevOps Engineer with 1 years experience in aws kubernetes docker
Candidate_617,Machine Learning Engineer,Machine Learning Engineer with 2 years experience in deep learning nlp keras
Candidate_618,Data Scientist,Data Scientist with 2 years experience in machine learning statistics python
Candidate_619,DevOps Engineer,DevOps Engineer with 4 years experience in kubernetes aws docker
Candidate_620,Data Analyst,Data Analyst with 5 years experience in sql power bi excel
Candidate_621,Data Scientist,Data Scientist with 1 years experience in numpy machine learning python
Candidate_622,Business Analyst,Business Analyst with 5 years experience in dashboard analysis sql
Candidate_623,Machine Learning Engineer,Machine Learning Engineer with 2 years experience in tensorflow nlp deep learning
Candidate_624,Data Scientist,Data Scientist with 3 years experience in pandas statistics numpy
Candidate_625,Data Analyst,Data Analyst with 1 years experience in python excel tableau
Candidate_626,DevOps Engineer,DevOps Engineer with 5 years experience in linux kubernetes ci cd
Candidate_627,HR Manager,HR Manager with 5 years experience in communication hr analytics talent acquisition
Candidate_628,Software Engineer,Software Engineer with 2 years experience in microservices docker spring boot
Candidate_629,AI Engineer,AI Engineer with 2 years experience in transformers nlp deep learning
Candidate_630,Data Scientist,Data Scientist with 3 years experience in python pandas machine learning
Candidate_631,Machine Learning Engineer,Machine Learning Engineer with 2 years experience in tensorflow python deep learning
Candidate_632,Frontend Developer,Frontend Developer with 4 years experience in javascript css html
Candidate_633,Business Analyst,Business Analyst with 1 years experience in dashboard analysis sql
Candidate_634,Data Analyst,Data Analyst with 1 years experience in python sql tableau
Candidate_635,Machine Learning Engineer,Machine Learning Engineer with 3 years experience in tensorflow python keras
Candidate_636,HR Manager,HR Manager with 3 years experience in hr analytics communication talent acquisition
Candidate_637,Data Analyst,Data Analyst with 2 years experience in tableau python excel
Candidate_638,Machine Learning Engineer,Machine Learning Engineer with 3 years experience in nlp python deep learning
Candidate_639,Data Analyst,Data Analyst with 3 years experience in power bi sql tableau
Candidate_640,AI Engineer,AI Engineer with 5 years experience in nlp transformers llm
Candidate_641,Backend Developer,Backend Developer with 1 years experience in sql mongodb express
Candidate_642,HR Manager,HR Manager with 2 years experience in communication talent acquisition recruitment
Candidate_643,Machine Learning Engineer,Machine Learning Engineer with 2 years experience in keras python tensorflow
Candidate_644,Software Engineer,Software Engineer with 1 years experience in java docker api
Candidate_645,Frontend Developer,Frontend Developer with 4 years experience in javascript html react
Candidate_646,Data Analyst,Data Analyst with 2 years experience in tableau python power bi
Candidate_647,Machine Learning Engineer,Machine Learning Engineer with 4 years experience in nlp deep learning keras
Candidate_648,DevOps Engineer,DevOps Engineer with 5 years experience in kubernetes docker linux
Candidate_649,Business Analyst,Business Analyst with 2 years experience in analysis dashboard excel
Candidate_650,Backend Developer,Backend Developer with 2 years experience in api express sql
Candidate_651,Backend Developer,Backend Developer with 2 years experience in sql api mongodb
Candidate_652,Data Analyst,Data Analyst with 3 years experience in sql python excel
Candidate_653,Data Analyst,Data Analyst with 1 years experience in tableau power bi sql
Candidate_654,Backend Developer,Backend Developer with 3 years experience in sql api node js
Candidate_655,Machine Learning Engineer,Machine Learning Engineer with 3 years experience in deep learning keras tensorflow
Candidate_656,Business Analyst,Business Analyst with 4 years experience in reporting dashboard analysis
Candidate_657,Frontend Developer,Frontend Developer with 5 years experience in ui ux react css
Candidate_658,Business Analyst,Business Analyst with 2 years experience in reporting excel analysis
Candidate_659,Data Scientist,Data Scientist with 2 years experience in pandas numpy statistics
Candidate_660,Backend Developer,Backend Developer with 2 years experience in node js mongodb api
Candidate_661,DevOps Engineer,DevOps Engineer with 1 years experience in aws kubernetes ci cd
Candidate_662,HR Manager,HR Manager with 5 years experience in talent acquisition recruitment communication
Candidate_663,DevOps Engineer,DevOps Engineer with 2 years experience in kubernetes linux ci cd
Candidate_664,Data Analyst,Data Analyst with 1 years experience in power bi excel tableau
Candidate_665,AI Engineer,AI Engineer with 1 years experience in deep learning nlp transformers
Candidate_666,Data Analyst,Data Analyst with 2 years experience in excel python power bi
Candidate_667,Data Analyst,Data Analyst with 5 years experience in tableau python excel
Candidate_668,DevOps Engineer,DevOps Engineer with 5 years experience in aws docker kubernetes
Candidate_669,DevOps Engineer,DevOps Engineer with 4 years experience in aws linux ci cd
Candidate_670,HR Manager,HR Manager with 4 years experience in recruitment talent acquisition communication
Candidate_671,DevOps Engineer,DevOps Engineer with 1 years experience in docker aws kubernetes
Candidate_672,Backend Developer,Backend Developer with 1 years experience in express api node js
Candidate_673,Data Scientist,Data Scientist with 4 years experience in python numpy machine learning
Candidate_674,Software Engineer,Software Engineer with 5 years experience in microservices spring boot docker
Candidate_675,AI Engineer,AI Engineer with 5 years experience in python deep learning llm
Candidate_676,HR Manager,HR Manager with 3 years experience in communication talent acquisition recruitment
Candidate_677,Data Analyst,Data Analyst with 2 years experience in sql power bi excel
Candidate_678,AI Engineer,AI Engineer with 1 years experience in nlp transformers llm
Candidate_679,Data Analyst,Data Analyst with 3 years experience in excel tableau power bi
Candidate_680,Backend Developer,Backend Developer with 5 years experience in api node js mongodb
Candidate_681,Data Analyst,Data Analyst with 4 years experience in excel tableau power bi
Candidate_682,DevOps Engineer,DevOps Engineer with 5 years experience in aws linux kubernetes
Candidate_683,Machine Learning Engineer,Machine Learning Engineer with 4 years experience in deep learning nlp tensorflow
Candidate_684,DevOps Engineer,DevOps Engineer with 1 years experience in kubernetes aws ci cd
Candidate_685,HR Manager,HR Manager with 2 years experience in communication talent acquisition hr analytics
Candidate_686,Data Analyst,Data Analyst with 3 years experience in excel sql tableau
Candidate_687,Machine Learning Engineer,Machine Learning Engineer with 2 years experience in deep learning python tensorflow
Candidate_688,Data Scientist,Data Scientist with 1 years experience in python statistics pandas
Candidate_689,Frontend Developer,Frontend Developer with 5 years experience in react javascript css
Candidate_690,Software Engineer,Software Engineer with 5 years experience in docker microservices java
Candidate_691,DevOps Engineer,DevOps Engineer with 1 years experience in ci cd docker linux
Candidate_692,Data Analyst,Data Analyst with 1 years experience in sql excel python
Candidate_693,Business Analyst,Business Analyst with 5 years experience in sql excel reporting
Candidate_694,Business Analyst,Business Analyst with 5 years experience in sql excel analysis
Candidate_695,Data Scientist,Data Scientist with 3 years experience in pandas machine learning numpy
Candidate_696,HR Manager,HR Manager with 2 years experience in hr analytics communication talent acquisition
Candidate_697,HR Manager,HR Manager with 2 years experience in talent acquisition recruitment communication
Candidate_698,DevOps Engineer,DevOps Engineer with 5 years experience in kubernetes linux aws
Candidate_699,Machine Learning Engineer,Machine Learning Engineer with 1 years experience in python tensorflow nlp
Candidate_700,Data Scientist,Data Scientist with 3 years experience in python pandas machine learning
Candidate_701,Machine Learning Engineer,Machine Learning Engineer with 1 years experience in deep learning tensorflow python
Candidate_702,Frontend Developer,Frontend Developer with 3 years experience in html react javascript
Candidate_703,Data Scientist,Data Scientist with 2 years experience in statistics machine learning pandas
Candidate_704,AI Engineer,AI Engineer with 3 years experience in deep learning transformers python
Candidate_705,Machine Learning Engineer,Machine Learning Engineer with 4 years experience in deep learning tensorflow python
Candidate_706,AI Engineer,AI Engineer with 3 years experience in transformers python nlp
Candidate_707,AI Engineer,AI Engineer with 3 years experience in nlp transformers llm
Candidate_708,Machine Learning Engineer,Machine Learning Engineer with 2 years experience in tensorflow python deep learning
Candidate_709,HR Manager,HR Manager with 4 years experience in communication hr analytics recruitment
Candidate_710,Machine Learning Engineer,Machine Learning Engineer with 1 years experience in nlp keras tensorflow
Candidate_711,AI Engineer,AI Engineer with 1 years experience in transformers python deep learning
Candidate_712,Software Engineer,Software Engineer with 2 years experience in docker java api
Candidate_713,Machine Learning Engineer,Machine Learning Engineer with 3 years experience in deep learning nlp keras
Candidate_714,Data Analyst,Data Analyst with 5 years experience in power bi tableau excel
Candidate_715,Data Analyst,Data Analyst with 3 years experience in power bi excel sql
Candidate_716,Software Engineer,Software Engineer with 5 years experience in microservices docker java
Candidate_717,Frontend Developer,Frontend Developer with 3 years experience in css react ui ux
Candidate_718,Frontend Developer,Frontend Developer with 1 years experience in css react javascript
Candidate_719,Frontend Developer,Frontend Developer with 4 years experience in css javascript ui ux
Candidate_720,Machine Learning Engineer,Machine Learning Engineer with 4 years experience in deep learning tensorflow python
Candidate_721,Backend Developer,Backend Developer with 3 years experience in mongodb sql api
Candidate_722,Data Scientist,Data Scientist with 2 years experience in numpy machine learning statistics
Candidate_723,Business Analyst,Business Analyst with 5 years experience in analysis reporting dashboard
Candidate_724,DevOps Engineer,DevOps Engineer with 4 years experience in kubernetes linux ci cd
Candidate_725,Data Analyst,Data Analyst with 4 years experience in python sql power bi
Candidate_726,Data Analyst,Data Analyst with 2 years experience in power bi excel sql
Candidate_727,Backend Developer,Backend Developer with 1 years experience in mongodb node js express
Candidate_728,HR Manager,HR Manager with 3 years experience in communication hr analytics recruitment
Candidate_729,Machine Learning Engineer,Machine Learning Engineer with 4 years experience in nlp deep learning python
Candidate_730,Business Analyst,Business Analyst with 3 years experience in reporting sql excel
Candidate_731,Machine Learning Engineer,Machine Learning Engineer with 3 years experience in deep learning keras tensorflow
Candidate_732,Business Analyst,Business Analyst with 3 years experience in dashboard sql analysis
Candidate_733,HR Manager,HR Manager with 5 years experience in hr analytics recruitment talent acquisition
Candidate_734,Frontend Developer,Frontend Developer with 4 years experience in css ui ux html
Candidate_735,Data Scientist,Data Scientist with 1 years experience in pandas numpy statistics
Candidate_736,Backend Developer,Backend Developer with 3 years experience in mongodb sql express
Candidate_737,Data Scientist,Data Scientist with 2 years experience in statistics numpy machine learning
Candidate_738,Software Engineer,Software Engineer with 1 years experience in microservices docker api
Candidate_739,Backend Developer,Backend Developer with 1 years experience in mongodb express api
Candidate_740,Machine Learning Engineer,Machine Learning Engineer with 1 years experience in keras nlp python
Candidate_741,AI Engineer,AI Engineer with 1 years experience in python transformers nlp
Candidate_742,Software Engineer,Software Engineer with 4 years experience in spring boot api docker
Candidate_743,AI Engineer,AI Engineer with 2 years experience in deep learning python llm
Candidate_744,Data Analyst,Data Analyst with 1 years experience in power bi sql excel
Candidate_745,Frontend Developer,Frontend Developer with 3 years experience in ui ux css javascript
Candidate_746,Backend Developer,Backend Developer with 3 years experience in api express sql
Candidate_747,HR Manager,HR Manager with 3 years experience in talent acquisition recruitment communication
Candidate_748,DevOps Engineer,DevOps Engineer with 4 years experience in aws linux kubernetes
Candidate_749,Software Engineer,Software Engineer with 2 years experience in spring boot docker api
Candidate_750,Data Scientist,Data Scientist with 5 years experience in numpy pandas python
Candidate_751,HR Manager,HR Manager with 3 years experience in communication recruitment talent acquisition
Candidate_752,HR Manager,HR Manager with 4 years experience in communication hr analytics talent acquisition
Candidate_753,Machine Learning Engineer,Machine Learning Engineer with 3 years experience in deep learning python tensorflow
Candidate_754,AI Engineer,AI Engineer with 1 years experience in nlp llm python
Candidate_755,Business Analyst,Business Analyst with 4 years experience in analysis reporting dashboard
Candidate_756,DevOps Engineer,DevOps Engineer with 2 years experience in linux kubernetes docker
Candidate_757,Data Analyst,Data Analyst with 2 years experience in excel power bi sql
Candidate_758,Machine Learning Engineer,Machine Learning Engineer with 1 years experience in python tensorflow keras
Candidate_759,Data Scientist,Data Scientist with 3 years experience in numpy statistics pandas
Candidate_760,Software Engineer,Software Engineer with 5 years experience in spring boot java api
Candidate_761,HR Manager,HR Manager with 4 years experience in hr analytics talent acquisition recruitment
Candidate_762,Data Analyst,Data Analyst with 3 years experience in tableau power bi sql
Candidate_763,HR Manager,HR Manager with 2 years experience in hr analytics communication recruitment
Candidate_764,Frontend Developer,Frontend Developer with 4 years experience in react javascript ui ux
Candidate_765,Machine Learning Engineer,Machine Learning Engineer with 5 years experience in deep learning nlp python
Candidate_766,AI Engineer,AI Engineer with 5 years experience in transformers python llm
Candidate_767,AI Engineer,AI Engineer with 3 years experience in transformers llm python
Candidate_768,Frontend Developer,Frontend Developer with 3 years experience in javascript ui ux css
Candidate_769,DevOps Engineer,DevOps Engineer with 3 years experience in docker linux aws
Candidate_770,Business Analyst,Business Analyst with 3 years experience in reporting excel sql
Candidate_771,Frontend Developer,Frontend Developer with 1 years experience in javascript ui ux react
Candidate_772,Data Analyst,Data Analyst with 1 years experience in sql excel power bi
Candidate_773,Data Scientist,Data Scientist with 3 years experience in pandas statistics python
Candidate_774,Business Analyst,Business Analyst with 1 years experience in excel sql analysis
Candidate_775,AI Engineer,AI Engineer with 2 years experience in nlp llm transformers
Candidate_776,HR Manager,HR Manager with 3 years experience in talent acquisition hr analytics communication
Candidate_777,Business Analyst,Business Analyst with 1 years experience in sql analysis excel
Candidate_778,HR Manager,HR Manager with 3 years experience in hr analytics recruitment communication
Candidate_779,Machine Learning Engineer,Machine Learning Engineer with 5 years experience in deep learning keras python
Candidate_780,DevOps Engineer,DevOps Engineer with 1 years experience in ci cd aws kubernetes
Candidate_781,HR Manager,HR Manager with 4 years experience in talent acquisition recruitment hr analytics
Candidate_782,DevOps Engineer,DevOps Engineer with 3 years experience in ci cd kubernetes aws
Candidate_783,AI Engineer,AI Engineer with 2 years experience in deep learning nlp transformers
Candidate_784,DevOps Engineer,DevOps Engineer with 2 years experience in kubernetes linux aws
Candidate_785,Data Analyst,Data Analyst with 4 years experience in power bi python sql
Candidate_786,HR Manager,HR Manager with 3 years experience in talent acquisition hr analytics communication
Candidate_787,DevOps Engineer,DevOps Engineer with 5 years experience in linux ci cd kubernetes
Candidate_788,Data Analyst,Data Analyst with 5 years experience in excel power bi tableau
Candidate_789,Machine Learning Engineer,Machine Learning Engineer with 5 years experience in deep learning python keras
Candidate_790,Software Engineer,Software Engineer with 3 years experience in spring boot java docker
Candidate_791,Backend Developer,Backend Developer with 3 years experience in express api sql
Candidate_792,Machine Learning Engineer,Machine Learning Engineer with 1 years experience in python deep learning keras
Candidate_793,Data Scientist,Data Scientist with 1 years experience in python statistics pandas
Candidate_794,HR Manager,HR Manager with 2 years experience in hr analytics recruitment communication
Candidate_795,Software Engineer,Software Engineer with 1 years experience in microservices api docker
Candidate_796,Frontend Developer,Frontend Developer with 5 years experience in ui ux css javascript
Candidate_797,Data Scientist,Data Scientist with 5 years experience in python pandas machine learning
Candidate_798,Machine Learning Engineer,Machine Learning Engineer with 2 years experience in tensorflow nlp python
Candidate_799,Machine Learning Engineer,Machine Learning Engineer with 1 years experience in nlp keras tensorflow
Candidate_800,Data Scientist,Data Scientist with 3 years experience in numpy machine learning statistics
Candidate_801,DevOps Engineer,DevOps Engineer with 1 years experience in kubernetes ci cd linux
Candidate_802,Machine Learning Engineer,Machine Learning Engineer with 1 years experience in nlp tensorflow keras
Candidate_803,Data Analyst,Data Analyst with 5 years experience in excel power bi tableau
Candidate_804,HR Manager,HR Manager with 3 years experience in recruitment communication hr analytics
Candidate_805,Frontend Developer,Frontend Developer with 1 years experience in javascript react css
Candidate_806,Software Engineer,Software Engineer with 2 years experience in spring boot microservices java
Candidate_807,Software Engineer,Software Engineer with 2 years experience in spring boot api java
Candidate_808,Frontend Developer,Frontend Developer with 2 years experience in ui ux javascript html
Candidate_809,Machine Learning Engineer,Machine Learning Engineer with 5 years experience in nlp python keras
Candidate_810,Software Engineer,Software Engineer with 1 years experience in microservices java spring boot
Candidate_811,Business Analyst,Business Analyst with 2 years experience in reporting excel analysis
Candidate_812,Machine Learning Engineer,Machine Learning Engineer with 4 years experience in nlp tensorflow python
Candidate_813,Frontend Developer,Frontend Developer with 4 years experience in javascript css ui ux
Candidate_814,AI Engineer,AI Engineer with 2 years experience in llm deep learning python
Candidate_815,Data Analyst,Data Analyst with 4 years experience in excel sql python
Candidate_816,Data Analyst,Data Analyst with 5 years experience in sql excel power bi
Candidate_817,Data Analyst,Data Analyst with 3 years experience in power bi sql python
Candidate_818,Software Engineer,Software Engineer with 1 years experience in microservices java docker
Candidate_819,DevOps Engineer,DevOps Engineer with 2 years experience in kubernetes ci cd aws
Candidate_820,Backend Developer,Backend Developer with 3 years experience in node js mongodb sql
Candidate_821,Business Analyst,Business Analyst with 3 years experience in analysis excel dashboard
Candidate_822,DevOps Engineer,DevOps Engineer with 2 years experience in ci cd linux kubernetes
Candidate_823,Data Scientist,Data Scientist with 1 years experience in python statistics pandas
Candidate_824,Data Scientist,Data Scientist with 2 years experience in numpy pandas statistics
Candidate_825,DevOps Engineer,DevOps Engineer with 2 years experience in aws linux kubernetes
Candidate_826,Frontend Developer,Frontend Developer with 4 years experience in ui ux javascript html
Candidate_827,Machine Learning Engineer,Machine Learning Engineer with 3 years experience in tensorflow python nlp
Candidate_828,Business Analyst,Business Analyst with 3 years experience in analysis reporting dashboard
Candidate_829,Data Analyst,Data Analyst with 1 years experience in sql tableau python
Candidate_830,Software Engineer,Software Engineer with 3 years experience in microservices docker spring boot
Candidate_831,DevOps Engineer,DevOps Engineer with 1 years experience in kubernetes docker linux
Candidate_832,AI Engineer,AI Engineer with 1 years experience in llm nlp python
Candidate_833,DevOps Engineer,DevOps Engineer with 2 years experience in ci cd kubernetes linux
Candidate_834,Frontend Developer,Frontend Developer with 1 years experience in ui ux css javascript
Candidate_835,Machine Learning Engineer,Machine Learning Engineer with 2 years experience in tensorflow keras deep learning
Candidate_836,Data Analyst,Data Analyst with 3 years experience in python sql tableau
Candidate_837,AI Engineer,AI Engineer with 5 years experience in llm transformers python
Candidate_838,Data Scientist,Data Scientist with 3 years experience in pandas numpy machine learning
Candidate_839,Backend Developer,Backend Developer with 5 years experience in express mongodb api
Candidate_840,Business Analyst,Business Analyst with 1 years experience in analysis reporting dashboard
Candidate_841,Business Analyst,Business Analyst with 5 years experience in dashboard reporting analysis
Candidate_842,Data Analyst,Data Analyst with 2 years experience in sql python power bi
Candidate_843,Frontend Developer,Frontend Developer with 5 years experience in css ui ux react
Candidate_844,Software Engineer,Software Engineer with 5 years experience in microservices spring boot docker
Candidate_845,DevOps Engineer,DevOps Engineer with 3 years experience in kubernetes ci cd docker
Candidate_846,Machine Learning Engineer,Machine Learning Engineer with 3 years experience in nlp keras python
Candidate_847,Frontend Developer,Frontend Developer with 4 years experience in javascript react css
Candidate_848,Data Analyst,Data Analyst with 1 years experience in tableau sql power bi
Candidate_849,Frontend Developer,Frontend Developer with 3 years experience in html javascript ui ux
Candidate_850,Software Engineer,Software Engineer with 3 years experience in spring boot microservices api
Candidate_851,Business Analyst,Business Analyst with 5 years experience in analysis dashboard reporting
Candidate_852,HR Manager,HR Manager with 2 years experience in recruitment hr analytics talent acquisition
Candidate_853,Data Scientist,Data Scientist with 4 years experience in python machine learning numpy
Candidate_854,Machine Learning Engineer,Machine Learning Engineer with 4 years experience in python tensorflow keras
Candidate_855,Data Scientist,Data Scientist with 3 years experience in statistics python numpy
Candidate_856,Machine Learning Engineer,Machine Learning Engineer with 4 years experience in tensorflow python keras
Candidate_857,Backend Developer,Backend Developer with 3 years experience in api node js express
Candidate_858,Data Scientist,Data Scientist with 2 years experience in machine learning statistics pandas
Candidate_859,Backend Developer,Backend Developer with 5 years experience in express sql api
Candidate_860,Frontend Developer,Frontend Developer with 4 years experience in ui ux javascript html
Candidate_861,HR Manager,HR Manager with 5 years experience in talent acquisition hr analytics recruitment
Candidate_862,Business Analyst,Business Analyst with 4 years experience in analysis dashboard sql
Candidate_863,Data Analyst,Data Analyst with 1 years experience in python sql tableau
Candidate_864,DevOps Engineer,DevOps Engineer with 2 years experience in ci cd docker linux
Candidate_865,AI Engineer,AI Engineer with 1 years experience in transformers deep learning python
Candidate_866,DevOps Engineer,DevOps Engineer with 1 years experience in docker linux ci cd
Candidate_867,DevOps Engineer,DevOps Engineer with 3 years experience in kubernetes linux aws
Candidate_868,Data Analyst,Data Analyst with 1 years experience in excel tableau sql
Candidate_869,DevOps Engineer,DevOps Engineer with 4 years experience in docker aws kubernetes
Candidate_870,Backend Developer,Backend Developer with 4 years experience in api mongodb sql
Candidate_871,Data Scientist,Data Scientist with 5 years experience in pandas numpy statistics
Candidate_872,Backend Developer,Backend Developer with 5 years experience in sql express node js
Candidate_873,Software Engineer,Software Engineer with 3 years experience in docker java microservices
Candidate_874,Machine Learning Engineer,Machine Learning Engineer with 4 years experience in python tensorflow keras
Candidate_875,Business Analyst,Business Analyst with 1 years experience in excel reporting analysis
Candidate_876,Software Engineer,Software Engineer with 5 years experience in java microservices spring boot
Candidate_877,Software Engineer,Software Engineer with 1 years experience in java docker spring boot
Candidate_878,Business Analyst,Business Analyst with 1 years experience in excel reporting analysis
Candidate_879,Machine Learning Engineer,Machine Learning Engineer with 3 years experience in tensorflow python deep learning
Candidate_880,AI Engineer,AI Engineer with 5 years experience in python nlp llm
Candidate_881,Backend Developer,Backend Developer with 3 years experience in api mongodb node js
Candidate_882,HR Manager,HR Manager with 4 years experience in communication recruitment talent acquisition
Candidate_883,HR Manager,HR Manager with 4 years experience in communication talent acquisition recruitment
Candidate_884,Software Engineer,Software Engineer with 1 years experience in docker api java
Candidate_885,Frontend Developer,Frontend Developer with 3 years experience in css javascript ui ux
Candidate_886,HR Manager,HR Manager with 2 years experience in recruitment hr analytics communication
Candidate_887,Frontend Developer,Frontend Developer with 3 years experience in ui ux react html
Candidate_888,Data Analyst,Data Analyst with 5 years experience in sql power bi tableau
Candidate_889,Backend Developer,Backend Developer with 5 years experience in node js express mongodb
Candidate_890,Business Analyst,Business Analyst with 3 years experience in reporting analysis excel
Candidate_891,AI Engineer,AI Engineer with 4 years experience in nlp llm deep learning
Candidate_892,DevOps Engineer,DevOps Engineer with 4 years experience in kubernetes ci cd aws
Candidate_893,Data Analyst,Data Analyst with 4 years experience in sql tableau excel
Candidate_894,Data Analyst,Data Analyst with 3 years experience in power bi tableau excel
Candidate_895,HR Manager,HR Manager with 3 years experience in talent acquisition recruitment hr analytics
Candidate_896,HR Manager,HR Manager with 2 years experience in hr analytics communication talent acquisition
Candidate_897,Software Engineer,Software Engineer with 4 years experience in docker microservices spring boot
Candidate_898,Machine Learning Engineer,Machine Learning Engineer with 2 years experience in keras nlp deep learning
Candidate_899,Business Analyst,Business Analyst with 1 years experience in excel dashboard analysis
Candidate_900,DevOps Engineer,DevOps Engineer with 1 years experience in docker aws linux
Candidate_901,DevOps Engineer,DevOps Engineer with 1 years experience in linux ci cd aws
Candidate_902,HR Manager,HR Manager with 3 years experience in talent acquisition communication hr analytics
Candidate_903,Machine Learning Engineer,Machine Learning Engineer with 5 years experience in python deep learning tensorflow
Candidate_904,Software Engineer,Software Engineer with 2 years experience in java microservices spring boot
Candidate_905,AI Engineer,AI Engineer with 4 years experience in llm deep learning nlp
Candidate_906,DevOps Engineer,DevOps Engineer with 4 years experience in kubernetes linux docker
Candidate_907,Business Analyst,Business Analyst with 2 years experience in excel analysis dashboard
Candidate_908,Software Engineer,Software Engineer with 4 years experience in docker java microservices
Candidate_909,Software Engineer,Software Engineer with 3 years experience in api docker spring boot
Candidate_910,Data Analyst,Data Analyst with 3 years experience in excel python power bi
Candidate_911,Backend Developer,Backend Developer with 2 years experience in node js mongodb express
Candidate_912,DevOps Engineer,DevOps Engineer with 4 years experience in kubernetes aws linux
Candidate_913,Data Scientist,Data Scientist with 4 years experience in pandas numpy python
Candidate_914,Software Engineer,Software Engineer with 2 years experience in microservices java docker
Candidate_915,AI Engineer,AI Engineer with 5 years experience in llm nlp python
Candidate_916,HR Manager,HR Manager with 1 years experience in recruitment talent acquisition hr analytics
Candidate_917,Data Analyst,Data Analyst with 1 years experience in sql tableau power bi
Candidate_918,HR Manager,HR Manager with 2 years experience in talent acquisition hr analytics communication
Candidate_919,DevOps Engineer,DevOps Engineer with 5 years experience in ci cd aws linux
Candidate_920,Software Engineer,Software Engineer with 5 years experience in spring boot api docker
Candidate_921,Business Analyst,Business Analyst with 5 years experience in reporting sql excel
Candidate_922,Data Analyst,Data Analyst with 4 years experience in excel python tableau
Candidate_923,Data Scientist,Data Scientist with 4 years experience in statistics numpy machine learning
Candidate_924,Data Analyst,Data Analyst with 4 years experience in sql python excel
Candidate_925,Backend Developer,Backend Developer with 1 years experience in express sql api
Candidate_926,Business Analyst,Business Analyst with 5 years experience in reporting dashboard analysis
Candidate_927,Business Analyst,Business Analyst with 5 years experience in excel dashboard analysis
Candidate_928,Backend Developer,Backend Developer with 5 years experience in sql node js api
Candidate_929,Data Analyst,Data Analyst with 3 years experience in python tableau excel
Candidate_930,Machine Learning Engineer,Machine Learning Engineer with 2 years experience in tensorflow keras deep learning
Candidate_931,Machine Learning Engineer,Machine Learning Engineer with 1 years experience in tensorflow deep learning python
Candidate_932,HR Manager,HR Manager with 1 years experience in talent acquisition communication hr analytics
Candidate_933,Data Analyst,Data Analyst with 4 years experience in excel power bi tableau
Candidate_934,HR Manager,HR Manager with 5 years experience in hr analytics recruitment talent acquisition
Candidate_935,Data Scientist,Data Scientist with 2 years experience in machine learning statistics pandas
Candidate_936,Software Engineer,Software Engineer with 1 years experience in java microservices spring boot
Candidate_937,HR Manager,HR Manager with 1 years experience in recruitment hr analytics communication
Candidate_938,Software Engineer,Software Engineer with 4 years experience in microservices spring boot docker
Candidate_939,Machine Learning Engineer,Machine Learning Engineer with 5 years experience in tensorflow keras nlp
Candidate_940,HR Manager,HR Manager with 4 years experience in hr analytics communication recruitment
Candidate_941,Software Engineer,Software Engineer with 4 years experience in java microservices docker
Candidate_942,Software Engineer,Software Engineer with 1 years experience in docker api java
Candidate_943,Machine Learning Engineer,Machine Learning Engineer with 1 years experience in nlp tensorflow keras
Candidate_944,Data Analyst,Data Analyst with 4 years experience in sql python tableau
Candidate_945,Data Scientist,Data Scientist with 1 years experience in statistics pandas machine learning
Candidate_946,Machine Learning Engineer,Machine Learning Engineer with 4 years experience in keras nlp tensorflow
Candidate_947,Data Scientist,Data Scientist with 4 years experience in pandas python statistics
Candidate_948,Data Scientist,Data Scientist with 3 years experience in statistics pandas python
Candidate_949,DevOps Engineer,DevOps Engineer with 3 years experience in ci cd aws docker
Candidate_950,Backend Developer,Backend Developer with 5 years experience in mongodb express node js
Candidate_951,DevOps Engineer,DevOps Engineer with 5 years experience in ci cd aws kubernetes
Candidate_952,Backend Developer,Backend Developer with 4 years experience in api sql node js
Candidate_953,DevOps Engineer,DevOps Engineer with 2 years experience in ci cd linux aws
Candidate_954,Software Engineer,Software Engineer with 5 years experience in java api microservices
Candidate_955,DevOps Engineer,DevOps Engineer with 4 years experience in aws kubernetes docker
Candidate_956,Frontend Developer,Frontend Developer with 2 years experience in css ui ux react
Candidate_957,Frontend Developer,Frontend Developer with 5 years experience in javascript css html
Candidate_958,DevOps Engineer,DevOps Engineer with 3 years experience in docker aws ci cd
Candidate_959,Frontend Developer,Frontend Developer with 3 years experience in javascript html css
Candidate_960,Business Analyst,Business Analyst with 5 years experience in reporting excel analysis
Candidate_961,Business Analyst,Business Analyst with 3 years experience in excel sql dashboard
Candidate_962,Frontend Developer,Frontend Developer with 2 years experience in ui ux html css
Candidate_963,HR Manager,HR Manager with 3 years experience in recruitment communication talent acquisition
Candidate_964,Software Engineer,Software Engineer with 4 years experience in java api docker
Candidate_965,HR Manager,HR Manager with 2 years experience in communication talent acquisition hr analytics
Candidate_966,DevOps Engineer,DevOps Engineer with 5 years experience in kubernetes docker aws
Candidate_967,DevOps Engineer,DevOps Engineer with 2 years experience in linux aws ci cd
Candidate_968,HR Manager,HR Manager with 5 years experience in hr analytics recruitment communication
Candidate_969,Business Analyst,Business Analyst with 4 years experience in analysis dashboard sql
Candidate_970,Software Engineer,Software Engineer with 1 years experience in java spring boot microservices
Candidate_971,Business Analyst,Business Analyst with 2 years experience in analysis sql excel
Candidate_972,Software Engineer,Software Engineer with 4 years experience in microservices java docker
Candidate_973,DevOps Engineer,DevOps Engineer with 4 years experience in aws ci cd kubernetes
Candidate_974,Frontend Developer,Frontend Developer with 5 years experience in javascript react css
Candidate_975,Frontend Developer,Frontend Developer with 5 years experience in css javascript ui ux
Candidate_976,Frontend Developer,Frontend Developer with 1 years experience in ui ux javascript html
Candidate_977,Business Analyst,Business Analyst with 5 years experience in analysis reporting dashboard
Candidate_978,DevOps Engineer,DevOps Engineer with 3 years experience in kubernetes docker aws
Candidate_979,Backend Developer,Backend Developer with 3 years experience in node js sql express
Candidate_980,Software Engineer,Software Engineer with 5 years experience in docker api microservices
Candidate_981,HR Manager,HR Manager with 4 years experience in communication hr analytics recruitment
Candidate_982,Data Scientist,Data Scientist with 2 years experience in machine learning numpy python
Candidate_983,Software Engineer,Software Engineer with 4 years experience in microservices api spring boot
Candidate_984,HR Manager,HR Manager with 4 years experience in communication talent acquisition hr analytics
Candidate_985,AI Engineer,AI Engineer with 1 years experience in python llm transformers
Candidate_986,Frontend Developer,Frontend Developer with 4 years experience in ui ux javascript html
Candidate_987,Backend Developer,Backend Developer with 3 years experience in mongodb sql express
Candidate_988,Data Scientist,Data Scientist with 4 years experience in statistics machine learning python
Candidate_989,Machine Learning Engineer,Machine Learning Engineer with 1 years experience in tensorflow deep learning keras
Candidate_990,Frontend Developer,Frontend Developer with 3 years experience in react css javascript
Candidate_991,Software Engineer,Software Engineer with 5 years experience in api microservices java
Candidate_992,Software Engineer,Software Engineer with 3 years experience in spring boot java docker
Candidate_993,Machine Learning Engineer,Machine Learning Engineer with 3 years experience in python keras deep learning
Candidate_994,Data Analyst,Data Analyst with 5 years experience in python sql excel
Candidate_995,Machine Learning Engineer,Machine Learning Engineer with 3 years experience in keras python tensorflow
Candidate_996,Software Engineer,Software Engineer with 3 years experience in spring boot api docker
Candidate_997,DevOps Engineer,DevOps Engineer with 2 years experience in docker ci cd kubernetes
Candidate_998,Business Analyst,Business Analyst with 5 years experience in sql excel analysis
Candidate_999,Business Analyst,Business Analyst with 2 years experience in reporting excel sql
